{
  "hash": "808f571e",
  "configHash": "ce502f6f",
  "lockfileHash": "71a135ba",
  "browserHash": "667d7791",
  "optimized": {
    "@angular/common": {
      "src": "../../../../../node_modules/@angular/common/fesm2022/common.mjs",
      "file": "@angular_common.js",
      "fileHash": "34d690ad",
      "needsInterop": false
    },
    "@angular/common/http": {
      "src": "../../../../../node_modules/@angular/common/fesm2022/http.mjs",
      "file": "@angular_common_http.js",
      "fileHash": "a0bbcc57",
      "needsInterop": false
    },
    "@angular/core": {
      "src": "../../../../../node_modules/@angular/core/fesm2022/core.mjs",
      "file": "@angular_core.js",
      "fileHash": "f6f1a3e9",
      "needsInterop": false
    },
    "@angular/forms": {
      "src": "../../../../../node_modules/@angular/forms/fesm2022/forms.mjs",
      "file": "@angular_forms.js",
      "fileHash": "8cf1e0b8",
      "needsInterop": false
    },
    "@angular/material/autocomplete": {
      "src": "../../../../../node_modules/@angular/material/fesm2022/autocomplete.mjs",
      "file": "@angular_material_autocomplete.js",
      "fileHash": "a97e915d",
      "needsInterop": false
    },
    "@angular/material/core": {
      "src": "../../../../../node_modules/@angular/material/fesm2022/core.mjs",
      "file": "@angular_material_core.js",
      "fileHash": "7db46843",
      "needsInterop": false
    },
    "@angular/material/dialog": {
      "src": "../../../../../node_modules/@angular/material/fesm2022/dialog.mjs",
      "file": "@angular_material_dialog.js",
      "fileHash": "f021935c",
      "needsInterop": false
    },
    "@angular/material/form-field": {
      "src": "../../../../../node_modules/@angular/material/fesm2022/form-field.mjs",
      "file": "@angular_material_form-field.js",
      "fileHash": "3d30162c",
      "needsInterop": false
    },
    "@angular/material/input": {
      "src": "../../../../../node_modules/@angular/material/fesm2022/input.mjs",
      "file": "@angular_material_input.js",
      "fileHash": "ddf2d757",
      "needsInterop": false
    },
    "@angular/material/progress-spinner": {
      "src": "../../../../../node_modules/@angular/material/fesm2022/progress-spinner.mjs",
      "file": "@angular_material_progress-spinner.js",
      "fileHash": "74f7a8fd",
      "needsInterop": false
    },
    "@angular/material/tabs": {
      "src": "../../../../../node_modules/@angular/material/fesm2022/tabs.mjs",
      "file": "@angular_material_tabs.js",
      "fileHash": "4a151425",
      "needsInterop": false
    },
    "@angular/platform-browser": {
      "src": "../../../../../node_modules/@angular/platform-browser/fesm2022/platform-browser.mjs",
      "file": "@angular_platform-browser.js",
      "fileHash": "46efd1b2",
      "needsInterop": false
    },
    "@angular/platform-browser/animations/async": {
      "src": "../../../../../node_modules/@angular/platform-browser/fesm2022/animations/async.mjs",
      "file": "@angular_platform-browser_animations_async.js",
      "fileHash": "98118f5c",
      "needsInterop": false
    },
    "@angular/router": {
      "src": "../../../../../node_modules/@angular/router/fesm2022/router.mjs",
      "file": "@angular_router.js",
      "fileHash": "de21aae3",
      "needsInterop": false
    },
    "@ng-bootstrap/ng-bootstrap": {
      "src": "../../../../../node_modules/@ng-bootstrap/ng-bootstrap/fesm2022/ng-bootstrap.mjs",
      "file": "@ng-bootstrap_ng-bootstrap.js",
      "fileHash": "5677519a",
      "needsInterop": false
    },
    "date-fns": {
      "src": "../../../../../node_modules/date-fns/index.mjs",
      "file": "date-fns.js",
      "fileHash": "003aac17",
      "needsInterop": false
    },
    "highcharts": {
      "src": "../../../../../node_modules/highcharts/highcharts.js",
      "file": "highcharts.js",
      "fileHash": "e3729c08",
      "needsInterop": true
    },
    "highcharts-angular": {
      "src": "../../../../../node_modules/highcharts-angular/fesm2022/highcharts-angular.mjs",
      "file": "highcharts-angular.js",
      "fileHash": "8511eb8d",
      "needsInterop": false
    },
    "highcharts/indicators/indicators": {
      "src": "../../../../../node_modules/highcharts/indicators/indicators.js",
      "file": "highcharts_indicators_indicators.js",
      "fileHash": "7cd822c3",
      "needsInterop": true
    },
    "highcharts/indicators/volume-by-price": {
      "src": "../../../../../node_modules/highcharts/indicators/volume-by-price.js",
      "file": "highcharts_indicators_volume-by-price.js",
      "fileHash": "b2b4260e",
      "needsInterop": true
    },
    "highcharts/modules/exporting": {
      "src": "../../../../../node_modules/highcharts/modules/exporting.js",
      "file": "highcharts_modules_exporting.js",
      "fileHash": "2fb46724",
      "needsInterop": true
    },
    "highcharts/modules/stock": {
      "src": "../../../../../node_modules/highcharts/modules/stock.js",
      "file": "highcharts_modules_stock.js",
      "fileHash": "1aa06526",
      "needsInterop": true
    },
    "rxjs": {
      "src": "../../../../../node_modules/rxjs/dist/esm5/index.js",
      "file": "rxjs.js",
      "fileHash": "224a5c96",
      "needsInterop": false
    },
    "rxjs/operators": {
      "src": "../../../../../node_modules/rxjs/dist/esm5/operators/index.js",
      "file": "rxjs_operators.js",
      "fileHash": "12cad4cb",
      "needsInterop": false
    }
  },
  "chunks": {
    "browser-4AJK2GPU": {
      "file": "browser-4AJK2GPU.js"
    },
    "chunk-2PNKGAAI": {
      "file": "chunk-2PNKGAAI.js"
    },
    "chunk-MYRZG5TC": {
      "file": "chunk-MYRZG5TC.js"
    },
    "chunk-XIIJQKU5": {
      "file": "chunk-XIIJQKU5.js"
    },
    "chunk-ZJDJ24LJ": {
      "file": "chunk-ZJDJ24LJ.js"
    },
    "chunk-KRRL5BHK": {
      "file": "chunk-KRRL5BHK.js"
    },
    "chunk-X4BMMAY6": {
      "file": "chunk-X4BMMAY6.js"
    },
    "chunk-PGBBPWWF": {
      "file": "chunk-PGBBPWWF.js"
    },
    "chunk-M6XOBAJQ": {
      "file": "chunk-M6XOBAJQ.js"
    },
    "chunk-SR4RDY23": {
      "file": "chunk-SR4RDY23.js"
    },
    "chunk-QWMBLS6P": {
      "file": "chunk-QWMBLS6P.js"
    },
    "chunk-SG3BCSKH": {
      "file": "chunk-SG3BCSKH.js"
    },
    "chunk-SAVXX6OM": {
      "file": "chunk-SAVXX6OM.js"
    },
    "chunk-PQ7O3X3G": {
      "file": "chunk-PQ7O3X3G.js"
    },
    "chunk-WKYGNSYM": {
      "file": "chunk-WKYGNSYM.js"
    }
  }
}